{
    "QMainWindow": [
        {
            "frameless": false,
            "transluscentBg": true,
            "navigation": [
                {
                    "minimize": "minimizeAppBtn",
                    "close": "closeAppBtn",
                    "sizeGrip": "size_grip",
                    "shadow": [
                        {
                            "color": "#fff",
                            "blurRadius": 20,
                            "xOffset": 0,
                            "yOffset": 0,
                            "centralWidget": "centralwidget"
                        }
                    ],
                    "restore": [
                        {
                            "buttonName": "maximizeRestoreAppBtn",
                            "normalIcon": "needle/images/icons/icon_restore.png",
                            "maximizedIcon": "needle/images/icons/icon_maximize.png"
                        }
                    ],
                    "moveWindow": "contentTopBg",
                    "tittleBar": "contentTopBg"
                }
            ]
        }
    ]
}